date,momism,mommentary,definition,example,filename,alt,order,links,Backup1,Backup2,
2010-04-01,Abscond with,,To take,The cat absconded with my sock in her mouth.,CarryWeight.webp,Carry weight,113,<img class='img_small' src='/assets/images/CarryWeight.webp' alt='Carry weight'>,,,
2016-03-10,Academic medicine,Momism of the Year 2016,Medical research,I used to work in academic medicine,chemical-1293762_1280.png,Test tube,205,<img class='img_small' src='/assets/images/chemical-1293762_1280.png' alt='Test tube'>,,,
2009-09-02,According to conventional wisdom,,I think this is right but if I'm wrong it isn't my fault.,"According to conventional wisdom, you'll get a cold if you go to sleep with wet hair.",unicorn.jpg,Unicorn,094,<img class='img_small' src='/assets/images/unicorn.jpg' alt='Unicorn'>,,,
2019-08-31,After my own heart,,A preferred style,Phoebe was a feline after my own heart,love.jpg,Love,224,<img class='img_small' src='/assets/images/love.jpg' alt='Love'>,,,
2012-07-14,After someone about something,,To nag,I used to get after him about never adding salt,lion.jpg,Lion,177,<img class='img_small' src='/assets/images/lion.jpg' alt='Lion'>,,,
2009-04-17,Albatross around one's neck,,"A heavy burden, an irritating obligation",,unicorn.jpg,Unicorn,084,<img class='img_small' src='/assets/images/unicorn.jpg' alt='Unicorn'>,,,
2009-01-29,Amscrez-vous,,Pig French for scram,,pig_french.png,Pig French,028,<img class='img_small' src='/assets/images/pig_french.png' alt='Pig French'>,,,
2009-02-07,Asking for it,,To fail to prevent or be partially responsible for something unpleasant happening,,nuclear_blast.jpg,Nuclear blast,047,<img class='img_small' src='/assets/images/nuclear_blast.jpg' alt='Nuclear blast'>,,,
2023-12-09,Asking for trouble ,,To fail to prevent or be partially responsible for something unpleasant happening,,nuclear_blast.jpg,Nuclear blast,365,<img class='img_small' src='/assets/images/nuclear_blast.jpg' alt='Nuclear blast'>,,,
2023-03-21,At heart,,"At your core, it is a fundamental part of your personality",You're a researcher at heart,love.jpg,Love,351,<img class='img_small' src='/assets/images/love.jpg' alt='Love'>,,,
2022-12-30,At it,,Doing a habitual or characteristic action,I'm at it again with the hot sauce!,hop.webp,Hop,348,<img class='img_small' src='/assets/images/hop.webp' alt='Hop'>,,,
2009-06-14,At the drop of a hat,,Without delay or good reason,,Mad_Hatter.webp,Mad Hatter,091,<img class='img_small' src='/assets/images/Mad_Hatter.webp' alt='Mad Hatter'>,,,
2009-04-17,Ay gavalt,,Mom's Yiddish streak: expresses annoyance,,rabbi.jpg,Rabbi,081,<img class='img_small' src='/assets/images/rabbi.jpg' alt='Rabbi'>,,,
2010-11-09,Baby doll,"Other nicknames include: milk-face, straight-A baby, Imelda-beth, queenie, tootsie, Tootsa-beth, and the Boo Hoo Baby",Refers to her daughter,,doll.jpg,Doll,126,<img class='img_small' src='/assets/images/doll.jpg' alt='Doll'>,,,
2012-11-18,Back in a mo',,I'll be back in a moment,,zzz.webp,Zzz,179,<img class='img_small' src='/assets/images/zzz.webp' alt='Zzz'>,,,
2009-01-28,Bad cattitude,I got this one from blue-eyes as well. I think the cat was playing in her water bowl and spilled it over one time too many,Improper orneriness with respect to the cat,,bad_cattitude.jpg,A bad cattitude,011,<img class='img_small' src='/assets/images/bad_cattitude.jpg' alt='A bad cattitude'>,,,
2011-01-31,Bass-ackwards,,Inverse of ass-backwards,,rear.jpg,Jeans,137,<img class='img_small' src='/assets/images/rear.jpg' alt='Jeans'>,,,
2010-09-09,Bearding any goats,,,,goat_beard.jpg,Goat beard,121,<img class='img_small' src='/assets/images/goat_beard.jpg' alt='Goat beard'>,,,
2009-02-11,Bedtime for Bonzo,"This was the title of a Ronald Reagan movie. I don't think I'd want to include it in a list of momisms, no matter how much or little I might have ever said those words",Bedtime for you,,zzz.webp,Zzz,055,<img class='img_small' src='/assets/images/zzz.webp' alt='Zzz'>,,,
2012-03-24,Believe you me,,Believe me,,unicorn.jpg,Unicorn,164,<img class='img_small' src='/assets/images/unicorn.jpg' alt='Unicorn'>,,,
2012-07-11,Bend someone's ear,Mother-identified momism,Speak to someone at great length,,bent_ear.JPG,Bent Ear,175,<img class='img_small' src='/assets/images/bent_ear.JPG' alt='Bent Ear'>,,,
2009-02-28,Bent out of shape,,"Infuriated, annoyed",She was all bent out of shape after hearing the president's speech,Breaking_technique.jpg,Breaking blocks,066,<img class='img_small' src='/assets/images/Breaking_technique.jpg' alt='Breaking blocks'>,,,
2012-06-26,Bickering,,"Fighting, arguing",,Breaking_technique.jpg,Breaking blocks,172,<img class='img_small' src='/assets/images/Breaking_technique.jpg' alt='Breaking blocks'>,,,
2010-08-26,Bless your pointy little head,,A condescending phrase used to patronize someone for being foolish or not very bright,"You failed the exam because you thought the sun was a planet? Aw, bless your pointy little head",goat_beard.jpg,Goat beard,120,<img class='img_small' src='/assets/images/goat_beard.jpg' alt='Goat beard'>,,,
2021-07-06,Blitzed,,Tired,"After that day-long walk with my daughter, I was feeling pretty blitzed",zzz.webp,Zzz,294,<img class='img_small' src='/assets/images/zzz.webp' alt='Zzz'>,,,
2009-01-28,Blue-eyes,I used to look in the mirror with my brown eyes and wonder where his blue eyes came from,Refers to her son,Blue-eyed wonder,question_mark.png,Question mark,012,<img class='img_small' src='/assets/images/question_mark.png' alt='Question mark'>,,,
2022-03-04,Blue streak,Some people see him and walk the other way if they want to get anything done in the next hour.,At great length,"Cussing a blue streak, or does he still talk a blue streak?",leaves.jpg,Leaves,318,<img class='img_small' src='/assets/images/leaves.jpg' alt='Leaves'>,,,
2021-07-16,Boggles the mind,"Other people don't say mind boggling? Huh-what is this world coming to?! (Other people do say ""mind-boggling"" but say much less often ""Boggles the mind!"")",This revelation is astounding or otherwise is a lot to take in,"Why anyone would want to stay inside on a beautiful day like this I'll never understand, it boggles the mind!",Mad_Hatter.webp,Mad Hatter,297,<img class='img_small' src='/assets/images/Mad_Hatter.webp' alt='Mad Hatter'>,,,
2013-01-30,Bonkers,,Crazy,,Mad_Hatter.webp,Mad Hatter,184,<img class='img_small' src='/assets/images/Mad_Hatter.webp' alt='Mad Hatter'>,,,
2009-01-29,Bouncing off the walls,The behavior of young children at a high-sugar birthday party,Hyperactive,,wall_bounce.jpg,Wall bouncing,032,<img class='img_small' src='/assets/images/wall_bounce.jpg' alt='Wall bouncing'>,,,
2021-05-11,Brown boy,"Considering his English heritage, I couldn't believe huh-what a tan he could get!",Her eldest son,,Breaking_technique.jpg,Breaking blocks,288,<img class='img_small' src='/assets/images/Breaking_technique.jpg' alt='Breaking blocks'>,,,
2009-04-14,Bug in their ear about something,,,We'll try to put a bug in his ear about that,earwig.jpg,Earwig,076,<img class='img_small' src='/assets/images/earwig.jpg' alt='Earwig'>,,,
2011-09-27,Bumbershoot,,Umbrella,,Umbrella.png,Umbrella,153,<img class='img_small' src='/assets/images/Umbrella.png' alt='Umbrella'>,,,
2010-12-22,Busybox,,An object someone likes to play or tinker with,"My son is playing with his new busybox, the piano",busybox.jpg,Busybox,133,<img class='img_small' src='/assets/images/busybox.jpg' alt='Busybox'>,,,
2011-01-31,Butter-side up,,A bad thing happened but it could have been worse!,"The dog ran away but we got him home before mom found out, so we're butter-side up.",butter_up.jpg,Butter-side up,139,<img class='img_small' src='/assets/images/butter_up.jpg' alt='Butter-side up'>,,,
2013-07-14,By any stretch of the imagination,,,,dali.jpg,Stretchy clocks,190,<img class='img_small' src='/assets/images/dali.jpg' alt='Stretchy clocks'>,,,
2009-01-29,By George,,"An exclamation used to express astonishment, approval, etc.",,gwbush.jpg,George W. Bush,029,<img class='img_small' src='/assets/images/gwbush.jpg' alt='George W. Bush'>,,,
2009-02-07,By Jove,,(Exclamation),,jove.jpg,Jupiter,043,<img class='img_small' src='/assets/images/jove.jpg' alt='Jupiter'>,,,
2021-09-01,Can it,,Stop that,"If you don't can it with the noise, there'll be consequences",beans.jpg,Beans,299,<img class='img_small' src='/assets/images/beans.jpg' alt='Beans'>,,,
2011-05-09,Can't beat it with a stick!,,(Exclamation),,Breaking_technique.jpg,Breaking blocks,149,<img class='img_small' src='/assets/images/Breaking_technique.jpg' alt='Breaking blocks'>,,,
2009-01-29,Capisce,,"Mother's favorite Sicilian mafia reference, meaning ""Do you understand?""","Give your sister half of that sandwich, capisce?",godfather.jpg,The Godfather,033,<img class='img_small' src='/assets/images/godfather.jpg' alt='The Godfather'>,,,
2020-09-02,Cat that ate the canary,,Someone proud of their accomplishments,"After Baby Doll beat that kid in three moves at chess, she looked like the cat that ate the canary",bad_cattitude.jpg,A bad cattitude,256,<img class='img_small' src='/assets/images/bad_cattitude.jpg' alt='A bad cattitude'>,,,
2021-09-22,Cat TV,,Anything fascinating to a cat such as birds outside a window.,The fish tank is cat TV as far as she's concerned.,bad_cattitude.jpg,A bad cattitude,304,<img class='img_small' src='/assets/images/bad_cattitude.jpg' alt='A bad cattitude'>,,,
2012-07-11,Chew someone out,,To criticize,,polish-off.jpg,Polish off,174,<img class='img_small' src='/assets/images/polish-off.jpg' alt='Polish off'>,,,
2021-04-18,Chin over the sink,Also known as chin over the trash can and chin over a plate,"To prevent crumbs, mom asked her children to eat with their chin over a plate/trash can/sink",,polish-off.jpg,Polish off,284,<img class='img_small' src='/assets/images/polish-off.jpg' alt='Polish off'>,,,
2022-03-05,Chip away at,"Other people say this but not nearly as often as our mother. Other variants of this include ""chisel away at""",To do slowly,I’m chipping away at my taxes,Breaking_technique.jpg,Breaking blocks,322,<img class='img_small' src='/assets/images/Breaking_technique.jpg' alt='Breaking blocks'>,,,
2019-12-23,Chowhound,,Big eater,She's being a real chow hound — I think she might be in a growth spurt! ,polish-off.jpg,Polish off,228,<img class='img_small' src='/assets/images/polish-off.jpg' alt='Polish off'>,,,
2011-05-15,Chup chup,Pronounced choop,An encouragement to move or hurry,"Chup, chup! You cat",bad_cattitude.jpg,A bad cattitude,150,<img class='img_small' src='/assets/images/bad_cattitude.jpg' alt='A bad cattitude'>,,,
2022-03-04,Circle the drain,Other people don’t say that? Kids: no!,Starting to break down,Tuesday I was starting to circle the drain. By Wednesday I was down it.,anchor.jpg,Anchor,321,<img class='img_small' src='/assets/images/anchor.jpg' alt='Anchor'>,,,
2014-12-28,Clobber,,To strike heavily,,Breaking_technique.jpg,Breaking blocks,199,<img class='img_small' src='/assets/images/Breaking_technique.jpg' alt='Breaking blocks'>,,,
2022-06-02,Clue one in,"I just said that a couple of weeks ago at the grocery store. I had searched high and low for ricotta cheese and couldn't find it. A worker in the deli explained the container system. Then I told a second worker that the first had just clued me in. At the time I wondered if he knew ""clued in"" since maybe his first language isn't English, but all went well. Momism didn't occur to me...","To provide information, answers ",Your coworker just clued me in. I want a medium-sized container of ricotta. ,question_mark.png,Question mark,337,<img class='img_small' src='/assets/images/question_mark.png' alt='Question mark'>,,,
2023-08-02,Coffee!,,Exclamation. Mother desires coffee. ,,Roasted_coffee_beans.jpg,Coffee Beans,356,<img class='img_small' src='/assets/images/Roasted_coffee_beans.jpg' alt='Coffee Beans'>,,,
2009-02-08,Come hell or high water,,Whatever it takes,,anchor.jpg,Anchor,049,<img class='img_small' src='/assets/images/anchor.jpg' alt='Anchor'>,,,
2022-11-10,Come over someone,,Motivated someone to act a particular way,Dunno huh-what’s come over me but I’m on a packing binge. ,Mad_Hatter.webp,Mad Hatter,344,<img class='img_small' src='/assets/images/Mad_Hatter.webp' alt='Mad Hatter'>,,,
2011-09-13,Coming down with something,,Contracting an illness,I think you're coming down with something / I think you might be coming down with a cold,dingbat.jpg,Dingbat,152,<img class='img_small' src='/assets/images/dingbat.jpg' alt='Dingbat'>,,,
2019-12-20,Conk out,,To fall asleep,"After all that cooing, that baby conked right out!",zzz.webp,Zzz,226,<img class='img_small' src='/assets/images/zzz.webp' alt='Zzz'>,,,
2021-09-01,Consequences,,Punishment,"If you don’t pipe down, there’ll be consequences",Breaking_technique.jpg,Breaking blocks,300,<img class='img_small' src='/assets/images/Breaking_technique.jpg' alt='Breaking blocks'>,,,
2009-03-08,Cool it,,Stop that,,ice.jpg,Ice,070,<img class='img_small' src='/assets/images/ice.jpg' alt='Ice'>,,,
2009-01-29,Copacetic,,"All good, ok","Now that the squirrels have decided to leave my tomatoes alone, things are copacetic in the yard.",ice.jpg,Ice,034,<img class='img_small' src='/assets/images/ice.jpg' alt='Ice'>,,,
2023-08-02,Couldn’t have been nicer,,Extremely kind,,CarryWeight.webp,Carry weight,355,<img class='img_small' src='/assets/images/CarryWeight.webp' alt='Carry weight'>,,,
2020-12-28,Crapola,,"Exclamation, variant of crap. ","Crapola, my weather station fell off the salad plate. ",dingbat.jpg,Dingbat,271,<img class='img_small' src='/assets/images/dingbat.jpg' alt='Dingbat'>,,,
2009-02-28,Cross,,"Angry and annoyed, snappish",She was quite cross and corrected me: 'it's woo-wee-sa!',cross_buns.jpg,Hot cross buns,064,<img class='img_small' src='/assets/images/cross_buns.jpg' alt='Hot cross buns'>,,,
2009-01-29,Crotchety,,Grumpy or irritable,,crochet.jpg,Crotchet,020,<img class='img_small' src='/assets/images/crochet.jpg' alt='Crotchet'>,,,
2012-03-28,Daft,,Consulting the dictionary multiple times has not clarified what this means,Your friend is quite daft,question_mark.png,Question mark,165,<img class='img_small' src='/assets/images/question_mark.png' alt='Question mark'>,,,
2023-06-08,Death of me,,"As the kids would say, ""I just can't even."" Melodramatic way of saying that one cannot handle the shenanigans or problems at hand","This rainy weather will be the death of me! (i.e. I haven't been outside in 3 hours, I shall surely perish!)",dingbat.jpg,Dingbat,353,<img class='img_small' src='/assets/images/dingbat.jpg' alt='Dingbat'>,,,
2009-06-14,Death warmed over,,Morbid or in extreme ill-health,He came in looking like death warmed over; I think he's coming down with something,dingbat.jpg,Dingbat,090,<img class='img_small' src='/assets/images/dingbat.jpg' alt='Dingbat'>,,,
2022-05-29,Destructions,,"The instruction manual, such as to a blender.","After reading through the destructions, I decided to press the red button.",nuclear_blast.jpg,Nuclear blast,335,<img class='img_small' src='/assets/images/nuclear_blast.jpg' alt='Nuclear blast'>,,,
2019-01-05,Dim recollection,,A vague or distant memory,I had a dim recollection that you’d taken off with that meemer,fog.jpg,Fog,218,<img class='img_small' src='/assets/images/fog.jpg' alt='Fog'>,,,
2011-08-01,Ding-a-ling,,Fool,,bell.jpg,Bell,151,<img class='img_small' src='/assets/images/bell.jpg' alt='Bell'>,,,
2016-09-27,Dingbat,,Idiot,,dingbat.jpg,Dingbat,210,<img class='img_small' src='/assets/images/dingbat.jpg' alt='Dingbat'>,,,
2022-09-10,Dingy,Mom's habit of replacing banal words with melodrama.,Dirty,"Your shorts are looking pretty dingy, sonnn.",rear.jpg,Jeans,341,<img class='img_small' src='/assets/images/rear.jpg' alt='Jeans'>,,,
2009-01-31,Dinky,,Little,"If you think this Camry is small, my old Datsun was a dinky car!",beans.jpg,Beans,035,<img class='img_small' src='/assets/images/beans.jpg' alt='Beans'>,,,
2009-02-09,Disaster waiting to happen,,A risky plan or situation,,bad_cattitude.jpg,A bad cattitude,052,<img class='img_small' src='/assets/images/bad_cattitude.jpg' alt='A bad cattitude'>,,,
2020-05-16,Do in,,To kill or exhaust someone,That walk with your sister just about did me in,dingbat.jpg,Dingbat,241,<img class='img_small' src='/assets/images/dingbat.jpg' alt='Dingbat'>,,,
2009-11-30,Doll,,A dear or a hottie,Jordan's a doll,doll.jpg,Doll,103,<img class='img_small' src='/assets/images/doll.jpg' alt='Doll'>,,,
2009-04-14,"Don't go away mad, just go away",,Imperative: leave,,Mad_Hatter.webp,Mad Hatter,074,<img class='img_small' src='/assets/images/Mad_Hatter.webp' alt='Mad Hatter'>,,,
2021-02-20,Don't you start,,Gesundheit. This is mom's response to a sneeze,Now don't <b>you</b> start.,skunk.webp,Skunk,272,<img class='img_small' src='/assets/images/skunk.webp' alt='Skunk'>,,,
2009-09-28,Doozie,,Something large or excellent,"Doozie is a doozie of a momism, I'd say",bazooka.jpg,Bazooka,097,<img class='img_small' src='/assets/images/bazooka.jpg' alt='Bazooka'>,,,
2011-01-27,Down the hatch,,Swallowed,"Ok, down the hatch with this pill! ",bean.jpg,Bean,136,<img class='img_small' src='/assets/images/bean.jpg' alt='Bean'>,,,
2009-04-08,Downright nippy,"Sometimes as ""right nippy"" or just ""nippy""","Irritable, hostile, or aggressive",,bad_cattitude.jpg,A bad cattitude,072,<img class='img_small' src='/assets/images/bad_cattitude.jpg' alt='A bad cattitude'>,,,
2011-01-31,Downside up,,Upside down,,dingbat.jpg,Dingbat,138,<img class='img_small' src='/assets/images/dingbat.jpg' alt='Dingbat'>,,,
2009-04-14,Drag one's anchor,,Moving slowly,Your brother is really dragging his anchor this morning,anchor.jpg,Anchor,077,<img class='img_small' src='/assets/images/anchor.jpg' alt='Anchor'>,,,
2023-08-31,Drawer pull,,A handle or knob for a drawer,Your drawer pull has screws coming along it the other side ,dali.jpg,Stretchy clocks,360,<img class='img_small' src='/assets/images/dali.jpg' alt='Stretchy clocks'>,,,
2009-02-28,Droll,,Consulting the dictionary multiple times has not clarified what this means,That's droll,question_mark.png,Question mark,069,<img class='img_small' src='/assets/images/question_mark.png' alt='Question mark'>,,,
2022-03-04,Druthers,,One's way or style.,"If I had my druthers, there'd be more hot sauce in this salad.",question_mark.png,Question mark,319,<img class='img_small' src='/assets/images/question_mark.png' alt='Question mark'>,,,
2016-10-23,Dubious,,Doubtful or suspicious,"She seems pretty dubious, in my view",question_mark.png,Question mark,212,<img class='img_small' src='/assets/images/question_mark.png' alt='Question mark'>,,,
2011-02-02,Ducks in a row,,"In order, prepared","If I want to move, I'd better get my ducks in a row.",goose8.jpg,Goose statue,140,<img class='img_small' src='/assets/images/goose8.jpg' alt='Goose statue'>,,,
2020-05-29,Duds,"There used to be laundromats with names such as ""Duds and Suds"" back in the day",Clothing,She's got some pretty fine duds,rear.jpg,Jeans,246,<img class='img_small' src='/assets/images/rear.jpg' alt='Jeans'>,,,
2010-09-22,Dune buggy,,"A small, cute, old car",I always loved that little dune buggy,dune-buggy.jpg,Dune buggy,124,<img class='img_small' src='/assets/images/dune-buggy.jpg' alt='Dune buggy'>,,,
2021-04-09,Earful,,"A stern (often unwanted) lecture, unsollicited and voluminous advice",I got an earful if I ever forgot to feed Milo her supper,bent_ear.JPG,Bent Ear,283,<img class='img_small' src='/assets/images/bent_ear.JPG' alt='Bent Ear'>,,,
2009-06-14,Eat my hat,My dad used to say that,Be quite upset,"If George the Younger gets elected, I'll eat my hat",Mad_Hatter.webp,Mad Hatter,092,<img class='img_small' src='/assets/images/Mad_Hatter.webp' alt='Mad Hatter'>,,,
2009-01-28,Egad,,"(Exclamation, mild oath)",,Moonbeam_UFO.jpeg,UFO,005,<img class='img_small' src='/assets/images/Moonbeam_UFO.jpeg' alt='UFO'>,,,
2009-02-25,Egg-shaped,,Shaped like an egg.,"You, daughter of mine, are pear-shaped, which incidentally is associated with better cardiovascular benefits than the classic hourglass, whereas I've always been egg-shaped",Moonbeam_UFO.jpeg,UFO,060,<img class='img_small' src='/assets/images/Moonbeam_UFO.jpeg' alt='UFO'>,,,
2021-11-03,Far be it from me,"Blue-eyes: ""Far be it from me"" is a biblical expression so not a momism. Killer baby: Ok, but has anyone else said it since Jesus?",,"Far be it from me to tell you how to live your life, daughter of mine, I just don't see how you manage without hot sauce in your cupboard!",Moonbeam_UFO.jpeg,UFO,312,<img class='img_small' src='/assets/images/Moonbeam_UFO.jpeg' alt='UFO'>,,,
2014-04-11,Far cry from,,A long distance away,,Alien_1.webp,Alien,196,<img class='img_small' src='/assets/images/Alien_1.webp' alt='Alien'>,,,
2011-03-22,Fermenter-mom lives,Also known as the stay-puff marshmallow mom,Someone is following their usual pattern. Usage: [insert the blank] lives!,*burp* Fermenter-mom lives!,Alien_1.webp,Alien,146,<img class='img_small' src='/assets/images/Alien_1.webp' alt='Alien'>,,,
2021-06-01,Fetch,"Kids: we're not dogs, you know. Mom: Nonetheless, you three are very fetching!",Get,Can you fetch me my glasses?,CarryWeight.webp,Carry weight,291,<img class='img_small' src='/assets/images/CarryWeight.webp' alt='Carry weight'>,,,
2010-12-07,Figment of my imagination,,Imaginary,Are you growing or is this a figment of my imagination?,unicorn.jpg,Unicorn,129,<img class='img_small' src='/assets/images/unicorn.jpg' alt='Unicorn'>,,,
2009-01-29,Finicky,,"Synonym: picky, overly selective",,bean.jpg,Bean,015,<img class='img_small' src='/assets/images/bean.jpg' alt='Bean'>,,,
2020-05-16,Finish off,,To kill or exhaust,That last hill just about finished me off,dingbat.jpg,Dingbat,242,<img class='img_small' src='/assets/images/dingbat.jpg' alt='Dingbat'>,,,
2020-07-26,Floridian in me,,When mom attributes an opinion on a topic to having grown up in Florida,The Floridian in me will never get used to this nippy weather!,historic/park_central.jpg,Park Central,252,<img class='img_small' src='/assets/images/historic/park_central.jpg' alt='Park Central'>,,,
2020-07-26,Foggiest,,I don't know,"Mom, where's my blender? ""I haven't the foggiest, son""",fog.jpg,Fog,253,<img class='img_small' src='/assets/images/fog.jpg' alt='Fog'>,,,
2009-02-07,For love nor money,,Persuasion is impossible,We can't get beeber out of her hands for love nor money,love.jpg,Love,048,<img class='img_small' src='/assets/images/love.jpg' alt='Love'>,,,
2013-10-03,For the birds,A momism from a surprising source: dad,Not good,This oatmeal is for the birds,owl.webp,Owl,193,<img class='img_small' src='/assets/images/owl.webp' alt='Owl'>,,,
2020-11-09,For the life of me,"Oh, hmm. I do say that. No one else? Good one!",Try though I might,"For the life of me, I can't figure out why no one else wants my extra-spicy, ulcer-guaranteed stir fry",fog.jpg,Fog,261,<img class='img_small' src='/assets/images/fog.jpg' alt='Fog'>,,,
2009-03-13,Full of beans,,Silly,,beans.jpg,Beans,071,<img class='img_small' src='/assets/images/beans.jpg' alt='Beans'>,,,
2020-12-26,Fun a-tall,,Fun at all,No more supersized hearts. Bummer. Facebook is no fun a-tall anymore.,hop.webp,Hop,270,<img class='img_small' src='/assets/images/hop.webp' alt='Hop'>,,,
2009-01-28,Gadzookies,,"Gadzooks, (mild oath)","Gadzookies, my laptop lives",bazooka.jpg,Bazooka,006,<img class='img_small' src='/assets/images/bazooka.jpg' alt='Bazooka'>,,,
2020-07-19,Garden variety,,Ordinary,A garden variety stroller,bean.jpg,Bean,251,<img class='img_small' src='/assets/images/bean.jpg' alt='Bean'>,,,
2009-11-30,Geegaw,This definition is from mom,"A tschotske, a bric-a-brac, a decorative item that doesn't have much real value such as a lawn flamingo.",,dingbat.jpg,Dingbat,104,<img class='img_small' src='/assets/images/dingbat.jpg' alt='Dingbat'>,,,
2023-06-22,Gemisch,,Mixture ,I used a gemisch of spices ,dali.jpg,Stretchy clocks,354,<img class='img_small' src='/assets/images/dali.jpg' alt='Stretchy clocks'>,,,
2009-01-28,George the Lesser,"s I remember it, for some time I had been referring to George the 2nd [editor's note:  George the 2nd is also a momism] as George the Younger, but after a phone call with my sister, I began to include the alternative of George the Lesser.",Refers to 43rd American president George W. Bush,"If George the Lesser gets elected, I'll eat my hat",gwbush.jpg,George W. Bush,010,<img class='img_small' src='/assets/images/gwbush.jpg' alt='George W. Bush'>,,,
2016-04-23,Get boosted,,"Get up, rouse",,hop.webp,Hop,207,<img class='img_small' src='/assets/images/hop.webp' alt='Hop'>,,,
2022-06-12,Get hopping,,"Start on, hurry",It's February so I'd better get hopping on my taxes.,hop.webp,Hop,338,<img class='img_small' src='/assets/images/hop.webp' alt='Hop'>,,,
2012-07-02,Get into,,To open or take,Who got into the cookies?,cookie-monster.jpg,Cookie Monster,173,<img class='img_small' src='/assets/images/cookie-monster.jpg' alt='Cookie Monster'>,,,
2021-03-11,Get my act together,,Getting ready,I'll need to get my act together to come visit Canada this summer,hop.webp,Hop,276,<img class='img_small' src='/assets/images/hop.webp' alt='Hop'>,,,
2021-04-03,Get up to,,Doing,Huh-what are you two getting up to in the cupboard?,hop.webp,Hop,280,<img class='img_small' src='/assets/images/hop.webp' alt='Hop'>,,,
2021-09-22,Give it a rest,Identified in another momist example,"Stop that, quit it","Give it a rest, son! Your long-suffering mama needs a few winks",dingbat.jpg,Dingbat,302,<img class='img_small' src='/assets/images/dingbat.jpg' alt='Dingbat'>,,,
2018-04-16,Give it the old college try,,To attempt something difficult,,chemical-1293762_1280.png,Test tube,214,<img class='img_small' src='/assets/images/chemical-1293762_1280.png' alt='Test tube'>,,,
2023-12-18,Give up the ghost,,Die,Better buy a new phone before this one gives up the ghost,dingbat.jpg,Dingbat,366,<img class='img_small' src='/assets/images/dingbat.jpg' alt='Dingbat'>,,,
2019-12-24,Go belly-up,,Died,"After they turned down the heat, all my orchids went belly up",dingbat.jpg,Dingbat,229,<img class='img_small' src='/assets/images/dingbat.jpg' alt='Dingbat'>,,,
2018-07-12,Go over like a lead balloon,,"Something did not go over well at all, not be well received, be unpopular, even resented","When I offered to share some of my hot sauce, it went over like a lead balloon",lead_balloon.jpg,Lead balloon,216,<img class='img_small' src='/assets/images/lead_balloon.jpg' alt='Lead balloon'>,,,
2012-02-23,Going at a good clip,,Moving quickly,,horse.webp,Horse,162,<img class='img_small' src='/assets/images/horse.webp' alt='Horse'>,,,
2020-05-16,Going on about,,"Saying, usually at some length","Huh-what are you going on about, son?",unicorn.jpg,Unicorn,239,<img class='img_small' src='/assets/images/unicorn.jpg' alt='Unicorn'>,,,
2009-09-28,Good enough for government work,"I got that one from my mom. She didn't have a high opinion of government work, akin to I think R. Reagan's opinion that the most terrifying words in the English language are ""I'm from the government and I'm here to help."" But in truth I never asked her huh-hat she meant exactly, this is just my best guess. She was very conservative, also worked for the Dade County School Board (government, alas) for many years, so also just a tad hypocritical",,,horse.webp,Horse,096,<img class='img_small' src='/assets/images/horse.webp' alt='Horse'>,,,
2020-05-10,Good grief,,(Exclamation),"Good grief, it's cold out",Alien_1.webp,Alien,237,<img class='img_small' src='/assets/images/Alien_1.webp' alt='Alien'>,,,
2009-01-29,Goodness gracious,,(Exclamation: surprise),,Alien_1.webp,Alien,021,<img class='img_small' src='/assets/images/Alien_1.webp' alt='Alien'>,,,
2019-07-07,Grass,"I think that's a common euphemism among people in my age group, but I might be unusual in still using the word huh-while others have moved on",Marijuana,,horse.webp,Horse,221,<img class='img_small' src='/assets/images/horse.webp' alt='Horse'>,,,
2022-03-03,Graze,"Mom's habit of ""noshing"" (is that a momism too?)",To snack,I've been doing a lot of grazing since baby doll left.,horse.webp,Horse,317,<img class='img_small' src='/assets/images/horse.webp' alt='Horse'>,,,
2022-07-16,Great scot,,(Mild oath),"Great Scot, I'm certainly getting my daily exercise going up and down this chair moving boxes!",Alien_1.webp,Alien,340,<img class='img_small' src='/assets/images/Alien_1.webp' alt='Alien'>,,,
2010-06-11,Great zot,,(Exclamation),,Alien_1.webp,Alien,118,<img class='img_small' src='/assets/images/Alien_1.webp' alt='Alien'>,,,
2020-09-05,Growing,,Eating an impressive amount,Another piece of chicken? You must be growing.,polish-off.jpg,Polish off,258,<img class='img_small' src='/assets/images/polish-off.jpg' alt='Polish off'>,,,
2020-09-05,Growth spurt,,"A sudden increase in height, usually related to a sudden increase in hunger","I could buy you these shoes, but they wouldn't fit you by your next growth spurt.",polish-off.jpg,Polish off,259,<img class='img_small' src='/assets/images/polish-off.jpg' alt='Polish off'>,,,
2010-05-23,Grungy,,"Dirty, grimey",,rear.jpg,Jeans,116,<img class='img_small' src='/assets/images/rear.jpg' alt='Jeans'>,,,
2016-08-14,Hair past a freckle,That definition comes from our mother,When you normally wear a watch and don't have it with you at that point in time,,hair-raising.jpg,Hair raising,208,<img class='img_small' src='/assets/images/hair-raising.jpg' alt='Hair raising'>,,,
2012-04-24,Hair-raising experience,,Scary,,hair-raising.jpg,Hair raising,167,<img class='img_small' src='/assets/images/hair-raising.jpg' alt='Hair raising'>,,,
2022-05-14,Hale and hearty,,"Healthy, strong, ""in good shape"" (the momism, not to indicate athleticism per say)","Well, you [kids] have always been a hale and hearty bunch, it's no surprise you're also strong--remember moving me into my new apartment throwing those boxes around like they were filled with air?",bean.jpg,Bean,331,<img class='img_small' src='/assets/images/bean.jpg' alt='Bean'>,,,
2020-07-10,Halloooo,Momisms in pig latin are even harder to fathom,Hello,Allooo-hay son! That was pig latin for halloooooo.,pig_french.png,Pig French,250,<img class='img_small' src='/assets/images/pig_french.png' alt='Pig French'>,,,
2010-01-09,Hang out my shingle,,Spread the word that one is starting a business ,I'm gonna hang out my shingle and become a babysitter,shingle.png,Shingle,107,<img class='img_small' src='/assets/images/shingle.png' alt='Shingle'>,,,
2009-05-12,Have a yen for,,A craving,,heaven.webp,Heaven,088,<img class='img_small' src='/assets/images/heaven.webp' alt='Heaven'>,,,
2011-02-10,Head of steam,Mother-identified momism,With great determination or frustration,,head_steam.jpg,Head of steam,142,<img class='img_small' src='/assets/images/head_steam.jpg' alt='Head of steam'>,,,
2012-05-26,Health adventure,,An annoying and/or scary health saga,,chemical-1293762_1280.png,Test tube,170,<img class='img_small' src='/assets/images/chemical-1293762_1280.png' alt='Test tube'>,,,
2009-02-07,Heavenly days,,(Exclamation),,heaven.webp,Heaven,042,<img class='img_small' src='/assets/images/heaven.webp' alt='Heaven'>,,,
2009-02-07,Heavens to Betsy,,(Exclamation),,heaven.webp,Heaven,044,<img class='img_small' src='/assets/images/heaven.webp' alt='Heaven'>,,,
2009-02-08,Hell in a hand-basket,,"On course for disaster, rapidly deteriorating","If that daughter of mine walks me up one more hill, this trip is going to hell in a handbasket",head_steam.jpg,Head of steam,050,<img class='img_small' src='/assets/images/head_steam.jpg' alt='Head of steam'>,,,
2021-09-24,Hell to pay,Mom's go-to threat,Severe consequences for one's actions,"If you take one a bite out of my sandwich, there'll be hell to pay!",anchor.jpg,Anchor,305,<img class='img_small' src='/assets/images/anchor.jpg' alt='Anchor'>,,,
2011-10-16,High-tail it,,To flee or leave quickly,,horse.webp,Horse,156,<img class='img_small' src='/assets/images/horse.webp' alt='Horse'>,,,
2022-03-10,Hippety hop,,To rush,You might want to hippety hop over there to get that last pair of jeans,hop.webp,Hop,325,<img class='img_small' src='/assets/images/hop.webp' alt='Hop'>,,,
2021-10-23,Hippopotamus yawn,"As I remember it, brown boy & blue-eyes have hyperextensible jaw joints, which means you are more at risk for jaw dislocation, so be careful with those hippopotamus yawns!",Brown boy's gigantic yawn,,zzz.webp,Zzz,309,<img class='img_small' src='/assets/images/zzz.webp' alt='Zzz'>,,,
2022-07-16,Ho,,"A suffix ""-ho"" that indicates a thing will be moved or hauled.","If Alison doesn't want this lamp, it's goodwill-ho",anchor.jpg,Anchor,339,<img class='img_small' src='/assets/images/anchor.jpg' alt='Anchor'>,,,
2009-02-25,Hold your horses,,Imperative: calm down or be patient,,horse.webp,Horse,062,<img class='img_small' src='/assets/images/horse.webp' alt='Horse'>,,,
2020-01-20,Holy smokes,,(Exclamation),She's turning 50? Holy smokes!,bazooka.jpg,Bazooka,231,<img class='img_small' src='/assets/images/bazooka.jpg' alt='Bazooka'>,,,
2009-02-07,Honorable horrors,,(Exclamation),,hair-raising.jpg,Hair raising,041,<img class='img_small' src='/assets/images/hair-raising.jpg' alt='Hair raising'>,,,
2022-05-06,Hoof it,,"To walk, implication that it might be a long one","""Do you want a ride to the library?"" ""On a temperate day like this? No, I'll hoof it, thank you very much!""",horse.webp,Horse,330,<img class='img_small' src='/assets/images/horse.webp' alt='Horse'>,,,
2010-02-12,Hooie ballooie,"Mother-identified momism. Variant: a ""bunch of hooie""",Nonsense or bullshit,Huh-what a bunch of hooie,unicorn.jpg,Unicorn,109,<img class='img_small' src='/assets/images/unicorn.jpg' alt='Unicorn'>,,,
2012-04-24,Hoot,,1.) Hilarious 2) Don't care at all 3) Worthless,"Because it's not worth a hoot I don't give a hoot, but still, huh-what a hoot!",owl.webp,Owl,168,<img class='img_small' src='/assets/images/owl.webp' alt='Owl'>,,,
2022-01-13,Hop to (it),,"Hurry up, get moving","Hop to, you three! We're going to be late, why are you all in front of the TV?!",hop.webp,Hop,315,<img class='img_small' src='/assets/images/hop.webp' alt='Hop'>,,,
2023-08-31,Horse hockey,Definition: a cleaned up version of bs,Horse manure,What I learned in school was a bunch of horse hockey,horse.webp,Horse,358,<img class='img_small' src='/assets/images/horse.webp' alt='Horse'>,,,
2009-01-28,Hot Diggity,,(Exclamation),,polish-off.jpg,Polish off,008,<img class='img_small' src='/assets/images/polish-off.jpg' alt='Polish off'>,,,
2022-02-24,Hot water,,Trouble,"If you don't give that toy back to your brother, you're gonna be in hot water!",head_steam.jpg,Head of steam,316,<img class='img_small' src='/assets/images/head_steam.jpg' alt='Head of steam'>,,,
2009-11-01,Huh-what,P.S. We think it's huh-larious.,"Mother's odd aspirated h on question words that only began when she ""discovered she does it"" in linguistics grad school","Huh-why son, who-all is saying it's a momism huh-when or huh-where I say huh-what?",Moonbeam_UFO.jpeg,UFO,101,<img class='img_small' src='/assets/images/Moonbeam_UFO.jpeg' alt='UFO'>,,,
2011-03-13,Hunky-dory,,"Fine, all is well",,love.jpg,Love,143,<img class='img_small' src='/assets/images/love.jpg' alt='Love'>,,,
2022-01-10,I think you're gonna live,,Said to someone who was extremely ill but is showing recent signs of spunk,"If you're fighting with your brother, I think you're gonna live.",hop.webp,Hop,314,<img class='img_small' src='/assets/images/hop.webp' alt='Hop'>,,,
2011-05-02,I wish this dang thing would stop taking pictures of my pocket. (*click*),"I wish it would quit taking pictures of the inside of my pocket, to be exact",Mom's technological frustration at the camera in her pocket,,camera.jpg,Camera,147,<img class='img_small' src='/assets/images/camera.jpg' alt='Camera'>,,,
2022-03-10,If I ever heard one,,A perfect exemplar,Now that's a momism if I ever heard one,bell.jpg,Bell,324,<img class='img_small' src='/assets/images/bell.jpg' alt='Bell'>,,,
2009-11-30,If you ask me,,In my opinion,"Your friend seems a little dubious, if you ask me",question_mark.png,Question mark,105,<img class='img_small' src='/assets/images/question_mark.png' alt='Question mark'>,,,
2020-09-02,Iffy,,"Dubious, uncertain",My new phone is a little iffy,question_mark.png,Question mark,257,<img class='img_small' src='/assets/images/question_mark.png' alt='Question mark'>,,,
2022-03-10,In a pinch,A momism partially by virtue of how often mom says it.,If necessary,This hot sauce'll do in a pinch.,hand.jpg,Hand,329,<img class='img_small' src='/assets/images/hand.jpg' alt='Hand'>,,,
2011-12-05,In cahoots with,,Collaborating or conspiring,,AlCapone.jpg,Al Capone,158,<img class='img_small' src='/assets/images/AlCapone.jpg' alt='Al Capone'>,,,
2020-01-07,In my view,,In my opinion,"Your friend seems a little daft, in my view",Moonbeam_UFO.jpeg,UFO,230,<img class='img_small' src='/assets/images/Moonbeam_UFO.jpeg' alt='UFO'>,,,
2020-12-24,In the overall scheme of things,Other people don't say that?,"All things considered, at the end of the day, ","In the overall scheme of things, Facebook may still be useful to me, but it's no fun a-tall!",miami.jpeg,Miami,269,<img class='img_small' src='/assets/images/miami.jpeg' alt='Miami'>,,,
2013-07-14,In your hot little hands,,In your hands,Huh-what channel do you want now that I have the remote in my hot little hands?,hand.jpg,Hand,191,<img class='img_small' src='/assets/images/hand.jpg' alt='Hand'>,,,
2020-05-19,Indeed,Momism partially by virtue of how often mom says it,An affirmative answer. Vaguely grumpy,"Indeed, son",Moonbeam_UFO.jpeg,UFO,243,<img class='img_small' src='/assets/images/Moonbeam_UFO.jpeg' alt='UFO'>,,,
2020-04-19,Inquiring moms wish to know,"I didn't invent that, you know. It's a variant on ""inquiring minds wish to know""",Someone is curious,Inquiring moms wish to know,Moonbeam_UFO.jpeg,UFO,234,<img class='img_small' src='/assets/images/Moonbeam_UFO.jpeg' alt='UFO'>,,,
2010-12-21,"It takes ten ""attaboys"" to make up for one ""aw-shit""",Honorary grand-momism,It's easier to prevent mistakes than to clean them up,,kabroken.jpg,Broken pot,131,<img class='img_small' src='/assets/images/kabroken.jpg' alt='Broken pot'>,,,
2014-01-16,It's been known to happen,,It's possible,,Moonbeam_UFO.jpeg,UFO,194,<img class='img_small' src='/assets/images/Moonbeam_UFO.jpeg' alt='UFO'>,,,
2009-01-29,Jiminy Cricket,,"A mild exclamation of surprise, emotion, or awe",,Jiminy_Cricket.png,Jiminy Cricket,030,<img class='img_small' src='/assets/images/Jiminy_Cricket.png' alt='Jiminy Cricket'>,,,
2020-05-16,Just about,,Almost,The walk just about did me in,dingbat.jpg,Dingbat,240,<img class='img_small' src='/assets/images/dingbat.jpg' alt='Dingbat'>,,,
2013-05-01,Keel over,,Fall as in fainting,,dingbat.jpg,Dingbat,189,<img class='img_small' src='/assets/images/dingbat.jpg' alt='Dingbat'>,,,
2012-06-23,Keep your eyes peeled,,Be on the lookout,,Moonbeam_UFO.jpeg,UFO,171,<img class='img_small' src='/assets/images/Moonbeam_UFO.jpeg' alt='UFO'>,,,
2009-02-28,Keep your shirt on,,Imperative: calm down or be patient,,shirt.jpg,Shirt,065,<img class='img_small' src='/assets/images/shirt.jpg' alt='Shirt'>,,,
2020-06-30,Kerblooie,Mom identified this momism,"Interjection, used to represent an explosion; a mix of kaboom and kerflooie",Before my computer goes kerblooie,Breaking_technique.jpg,Breaking blocks,249,<img class='img_small' src='/assets/images/Breaking_technique.jpg' alt='Breaking blocks'>,,,
2009-01-28,Kerfuffle,,A conflict,,Breaking_technique.jpg,Breaking blocks,009,<img class='img_small' src='/assets/images/Breaking_technique.jpg' alt='Breaking blocks'>,,,
2013-01-30,Kiddely / kididely,"Mareseatoatsanddoeseatoatsandlittlelambseativy, akid'lleativytoo, wouldn'tyou-ooo? I can't say that I coined kiddlie, but I've certainly done my part to perpetrate the word!","Kids. Pronounced ""kiddle-ee.""",You kiddlies and your busy boxes — Brown Boy has his piano and now this!,hop.webp,Hop,185,<img class='img_small' src='/assets/images/hop.webp' alt='Hop'>,,,
2010-09-13,Killer baby,,"Refers to her daughter 90% of the time, the other 10% refers to another killer baby who reminds her of her daughter as a baby",,doll.jpg,Doll,123,<img class='img_small' src='/assets/images/doll.jpg' alt='Doll'>,,,
2009-02-04,Knickers in a knot,,Upset,,rear.jpg,Jeans,039,<img class='img_small' src='/assets/images/rear.jpg' alt='Jeans'>,,,
2020-04-19,Launch,,"Get up, rouse",It's time to launch your brother,hop.webp,Hop,235,<img class='img_small' src='/assets/images/hop.webp' alt='Hop'>,,,
2020-08-11,Law-yer,,"A lawyer, pronounced literally law-yer, as opposed to loy-yer","You would make a great, law-yer, son",earwig.jpg,Earwig,254,<img class='img_small' src='/assets/images/earwig.jpg' alt='Earwig'>,,,
2009-02-25,Let's get this show on the road,,Let's go,,Moonbeam_UFO.jpeg,UFO,063,<img class='img_small' src='/assets/images/Moonbeam_UFO.jpeg' alt='UFO'>,,,
2009-02-28,Let's mush,"I think my dad made that one up, since I never heard anyone else say it",Let's go,"Enough talking, let's mush",mush.jpg,Mush,068,<img class='img_small' src='/assets/images/mush.jpg' alt='Mush'>,,,
2011-10-16,Lickety-split,,Right away,,horse.webp,Horse,155,<img class='img_small' src='/assets/images/horse.webp' alt='Horse'>,,,
2010-05-18,Like a dose of salts,,To consume something quickly,We'd better buy kefir. You go through it like a dose of salts. <strong><em>pause</em></strong> Mom: You'd better go put that on the list,Moonbeam_UFO.jpeg,UFO,115,<img class='img_small' src='/assets/images/Moonbeam_UFO.jpeg' alt='UFO'>,,,
2016-09-27,Like a gemstone in a rock tumbler,Mom just made it up but it was good. N.B. mom gets motion sickness easily,Shaken but not stirred,"On that flight, I was like a gemstone in a rock tumbler",gemstone.jpg,Gemstone,211,<img class='img_small' src='/assets/images/gemstone.jpg' alt='Gemstone'>,,,
2012-04-24,Like gangbusters,,"With great speed, intensity, vigour, impact, or success",I tip like gangbusters at restaurants.,AlCapone.jpg,Al Capone,166,<img class='img_small' src='/assets/images/AlCapone.jpg' alt='Al Capone'>,,,
2020-12-20,"Like mother, like daughter",,"Modified from like father, like son. In the same manner from generation to generation","You want to be a librarian? Like mother, like daughter.",AlCapone.jpg,Al Capone,267,<img class='img_small' src='/assets/images/AlCapone.jpg' alt='Al Capone'>,,,
2010-04-01,Linguine listserv,Momism of the year 2023,Mother's linguistics nerd listserv,I'm going to post that interesting link on Second Language Acquisition to the linguine listserv,linguini.jpg,Linguini,110,<img class='img_small' src='/assets/images/linguini.jpg' alt='Linguini'>,,,
2023-08-02,Little old lady,,Mom's self identification,"He saw a little old lady in need of ""COFFEE""",AlCapone.jpg,Al Capone,357,<img class='img_small' src='/assets/images/AlCapone.jpg' alt='Al Capone'>,,,
2022-12-23,Live to tell about it,,"Survive, make it, manage the circumstances in question",I think I can go for a walk today and live to tell about it,Moonbeam_UFO.jpeg,UFO,346,<img class='img_small' src='/assets/images/Moonbeam_UFO.jpeg' alt='UFO'>,,,
2022-03-10,Living stew out of,,,My grandfather had a tile factory before the hurricane of 1926 whomped the living stew out of Miami,beans.jpg,Beans,327,<img class='img_small' src='/assets/images/beans.jpg' alt='Beans'>,,,
2021-09-22,Long-suffering,,"Someone who puts up with a lot, implies patience through tribulation","Give it a rest, son! Your long-suffering mama needs to conk out and your busy box isn't helping matters",zzz.webp,Zzz,303,<img class='img_small' src='/assets/images/zzz.webp' alt='Zzz'>,,,
2009-02-28,Lord love a duck,,(Exclamation),,goose8.jpg,Goose,067,<img class='img_small' src='/assets/images/goose8.jpg' alt='Goose'>,,,
2020-08-11,Lost your mind,,(Exclamation) Are you crazy?,You planted Rose of Sharon — have you lost your mind?,Mad_Hatter.webp,Mad Hatter,255,<img class='img_small' src='/assets/images/Mad_Hatter.webp' alt='Mad Hatter'>,,,
2015-05-08,Lovey,,Refers to her daughter,,love.jpg,Love,201,<img class='img_small' src='/assets/images/love.jpg' alt='Love'>,,,
2009-10-11,Madder than a wet hen,,We assume that a wet hen is quite angry,,roost.jpg,Roost,100,<img class='img_small' src='/assets/images/roost.jpg' alt='Roost'>,,,
2019-10-28,Major-league pain in the butt,"I guess other people don’t say that, come to think of it. I think I got that from my mom",A major pain,"A certain Quaker is a mixed blessing, sometimes pleasant and sometimes a major-league pain in the butt",bad_cattitude.jpg,A bad cattitude,225,<img class='img_small' src='/assets/images/bad_cattitude.jpg' alt='A bad cattitude'>,,,
2013-02-27,Make quick work,,To consume or use up quickly,Your sister made quick work of that sandwich,polish-off.jpg,Polish off,186,<img class='img_small' src='/assets/images/polish-off.jpg' alt='Polish off'>,,,
2009-04-14,Make yourself scarce,,Imperative: leave,,Moonbeam_UFO.jpeg,UFO,073,<img class='img_small' src='/assets/images/Moonbeam_UFO.jpeg' alt='UFO'>,,,
2020-12-04,Means business,"I think ""means business"" is a momism only if it's said in a kind of condescending way. Like, a toddler who's playing with blocks with a serious expression on their face ""means business"" in a momism sense but not so much an adult who's taking something that's serious seriously","Someone is serious about something, especially something about which it's laughable to take seriously",She may just be playing with blocks but she has the killer baby look — she means business!,bad_cattitude.jpg,A bad cattitude,266,<img class='img_small' src='/assets/images/bad_cattitude.jpg' alt='A bad cattitude'>,,,
2014-04-03,Mid-section,,Waist,,hop.webp,Hop,195,<img class='img_small' src='/assets/images/hop.webp' alt='Hop'>,,,
2022-05-17,Momster,"Long ago, one of you taught me how to make hearts on Facebook Messenger, ❤ , and at that time I pointed out that you had created a momster. At first I thought to point out that the child in question had created a monster, then realized I could do it one better. I am the guilty party. The rest is history.",A monster of a mother,,cookie-monster.jpg,Cookie Monster,334,<img class='img_small' src='/assets/images/cookie-monster.jpg' alt='Cookie Monster'>,,,
2010-06-13,Month of Sundays,,"A long time (literally, a month of Sundays would be 30 weeks)",I haven't seen a cassette player in a month of Sundays,zzz.webp,Zzz,119,<img class='img_small' src='/assets/images/zzz.webp' alt='Zzz'>,,,
2013-01-29,"More power to you, (son!)",,"The usual definition is that one approves of what someone is doing and hopes it will be successful. However, in mom's case, there is also a skepticism that the scheme will be successful",,Moonbeam_UFO.jpeg,UFO,183,<img class='img_small' src='/assets/images/Moonbeam_UFO.jpeg' alt='UFO'>,,,
2021-04-03,Mouthy One,,Nicknames for our cat Milo,The Mouthy One has been fed but is still giving me an earful,bad_cattitude.jpg,A bad cattitude,281,<img class='img_small' src='/assets/images/bad_cattitude.jpg' alt='A bad cattitude'>,,,
2022-10-10,My idea of,A momism by virtue of how often mom says it. ,(Exclamation),That’s my idea of a good time,Popcorn.webp,Popcorn,343,<img class='img_small' src='/assets/images/Popcorn.webp' alt='Popcorn'>,,,
2016-02-21,My brain went whiffle,,Synonym: I had a senior moment,,fog.jpg,Fog,203,<img class='img_small' src='/assets/images/fog.jpg' alt='Fog'>,,,
2011-01-27,Neck of the woods,,"Area, neighbourhood",,woods.webp,Wood,135,<img class='img_small' src='/assets/images/woods.webp' alt='Wood'>,,,
2020-06-30,Nervous Nellie,Mom identified this momism,Someone who is often nervous,I don't mean to be a nervous Nellie about my operating system.,hair-raising.jpg,Hair raising,248,<img class='img_small' src='/assets/images/hair-raising.jpg' alt='Hair raising'>,,,
2010-12-07,Nick of time,,Just in time,,bell.jpg,Bell,128,<img class='img_small' src='/assets/images/bell.jpg' alt='Bell'>,,,
2009-01-29,"No muss, no fuss",,"Simple, easy",,mush.jpg,Mush,023,<img class='img_small' src='/assets/images/mush.jpg' alt='Mush'>,,,
2023-02-25,No small thing,,"Not unimportant, significant",Typing properly is no small thing,Moonbeam_UFO.jpeg,UFO,350,<img class='img_small' src='/assets/images/Moonbeam_UFO.jpeg' alt='UFO'>,,,
2023-08-31,No soap,,No luck or success ,Like I tried to get the printer to work but no soap,skunk.webp,Skunk,361,<img class='img_small' src='/assets/images/skunk.webp' alt='Skunk'>,,,
2021-02-22,No way to live,,"Not particularly fulfilling, not a fun lifestyle.","No FreeGeek and no walks by the lake, this is no way to live",dingbat.jpg,Dingbat,273,<img class='img_small' src='/assets/images/dingbat.jpg' alt='Dingbat'>,,,
2009-01-29,Noggin,,Head,,wink.avif,Wink,017,<img class='img_small' src='/assets/images/wink.avif' alt='Wink'>,,,
2023-10-15,Nose over pinfeathers,,An unintentional roll,"If I tried that at my age, I'd go nose over pinfeathers",dingbat.jpg,Dingbat,363,<img class='img_small' src='/assets/images/dingbat.jpg' alt='Dingbat'>,,,
2021-10-23,Not for the faint of heart,,"Requires courage, determination or fortitude.",(After watching a man capture an alligator using only a trash can) Life in Florida is not for the faint of heart!,Moonbeam_UFO.jpeg,UFO,308,<img class='img_small' src='/assets/images/Moonbeam_UFO.jpeg' alt='UFO'>,,,
2009-01-27,Not getting any younger,,I'm getting so wise :wink:,"Your sister just about did me in with that three-hour walk. I'm not getting any younger, you know",dingbat.jpg,Dingbat,004,<img class='img_small' src='/assets/images/dingbat.jpg' alt='Dingbat'>,,,
2009-01-27,Not in great shape,,"Not feeling well, not in good condition",,zzz.webp,Zzz,001,<img class='img_small' src='/assets/images/zzz.webp' alt='Zzz'>,,,
2020-10-10,Not long for this world,,It's nearing my bedtime; I'm about to turn into a pumpkin,"If you want my help cleaning up, ask now. I'm not long for this world",Moonbeam_UFO.jpeg,UFO,260,<img class='img_small' src='/assets/images/Moonbeam_UFO.jpeg' alt='UFO'>,,,
2020-12-04,Not out of the woods yet,Often talking about getting over a cold but not exclusively,Things are improving but not completely better yet,I know your fever has gone down but you've still got quite a cough--you're not out of the woods yet!,woods.webp,Wood,264,<img class='img_small' src='/assets/images/woods.webp' alt='Wood'>,,,
2009-11-01,Not to be too much of a linguist,,Mother is definitely too much of a linguist,Not to be too much of a linguist but huh-what a diphtong! ,linguini.jpg,Linguini,102,<img class='img_small' src='/assets/images/linguini.jpg' alt='Linguini'>,,,
2009-02-13,Nothing left of [someone] but a grease spot,Mom added this definition.,"An extreme experience, as in spontaneous combustion.",,Moonbeam_UFO.jpeg,UFO,056,<img class='img_small' src='/assets/images/Moonbeam_UFO.jpeg' alt='UFO'>,,,
2023-09-02,Nuclear-powered twinkle ,,A bright or noticeable twinkle,He had a nuclear-powered twinkle in his eye while making that pun. ,nuclear_blast.jpg,Nuclear blast,362,<img class='img_small' src='/assets/images/nuclear_blast.jpg' alt='Nuclear blast'>,,,
2022-03-10,Off my duff,,Off of one's posterior; to mobilize.,"If I can ever get off my duff, I'll run the dishwasher.",rear.jpg,Jeans,326,<img class='img_small' src='/assets/images/rear.jpg' alt='Jeans'>,,,
2023-01-07,Off the wall,"An ""off the wall sense of humor"" is the first example that occurred to me! ",Highly unusual,That off-the-wall sense of humor,wall_bounce.jpg,Wall bouncing,349,<img class='img_small' src='/assets/images/wall_bounce.jpg' alt='Wall bouncing'>,,,
2012-02-17,Oldie but a goodie,,A classic,,busybox.jpg,Busybox,160,<img class='img_small' src='/assets/images/busybox.jpg' alt='Busybox'>,,,
2021-09-24,Oldster,,"Opposite of youngster, an elderly person",An oldster like me can't go up and down those hills like you kids can,godfather.jpg,The Godfather,306,<img class='img_small' src='/assets/images/godfather.jpg' alt='The Godfather'>,,,
2011-03-13,On a jag,,,,nuclear_blast.jpg,Nuclear blast,144,<img class='img_small' src='/assets/images/nuclear_blast.jpg' alt='Nuclear blast'>,,,
2016-09-24,On the horn,,On the phone,,horn.jpg,Horn,209,<img class='img_small' src='/assets/images/horn.jpg' alt='Horn'>,,,
2021-03-30,On your case about,,To nag,"So long as you smell, I'm going to be on your case about wearing deodorant",AlCapone.jpg,Al Capone,278,<img class='img_small' src='/assets/images/AlCapone.jpg' alt='Al Capone'>,,,
2022-03-10,Operation,,A business,That operation over on Devon.,AlCapone.jpg,Al Capone,328,<img class='img_small' src='/assets/images/AlCapone.jpg' alt='Al Capone'>,,,
2009-01-29,Ornery,,Grumpy or irritable,,bad_cattitude.jpg,A bad cattitude,022,<img class='img_small' src='/assets/images/bad_cattitude.jpg' alt='A bad cattitude'>,,,
2022-12-22,Ought to do the trick,,"Your proposed solution will likely resolve the problem, that should suffice",I'll use this sticky tack to keep your cabinet door from banging against the wall. That ought to do the trick,Breaking_technique.jpg,Breaking blocks,345,<img class='img_small' src='/assets/images/Breaking_technique.jpg' alt='Breaking blocks'>,,,
2009-01-27,Out of commission,,"Not working, out of order",The internet is out of commission until my router gets fixed.,zzz.webp,Zzz,002,<img class='img_small' src='/assets/images/zzz.webp' alt='Zzz'>,,,
2020-05-29,Out of the blue,Idiom: a bolt from the blue?,"Out of nowhere, suddenly",,Moonbeam_UFO.jpeg,UFO,245,<img class='img_small' src='/assets/images/Moonbeam_UFO.jpeg' alt='UFO'>,,,
2009-02-25,Out of this world,,Excellent,,airdish.jpg,Dish array,059,<img class='img_small' src='/assets/images/airdish.jpg' alt='Dish array'>,,,
2009-01-27,Oy vey,,Mom's Yiddish streak: expresses annoyance,,rabbi.jpg,Rabbi,003,<img class='img_small' src='/assets/images/rabbi.jpg' alt='Rabbi'>,,,
2009-04-15,Pain in the neck,Momism partially by virtue of how often mom says it,Irritating,,bad_cattitude.jpg,A bad cattitude,079,<img class='img_small' src='/assets/images/bad_cattitude.jpg' alt='A bad cattitude'>,,,
2022-03-10,Pardon my boardinghouse reach,Definition right from the source,To reach across a table to get something rather than asking for it to be passed,,beans.jpg,Beans,323,<img class='img_small' src='/assets/images/beans.jpg' alt='Beans'>,,,
2021-06-01,Park oneself on,"I  think that huh-when I come up with a momism (give or take), I'm oftentimes trying to make an ordinary turn of phrase into something more interesting. ""Get"" is pretty ho-hum, ""fetch"" is a more interesting (& less often-used) equivalent; ""sit,"" yawn, ""park oneself,"" say huh-what? I'm trying to fight linguistic boredom one momism at a time.",To sit,I’m going to go park myself on a bench by Lake Michigan huh-while you three go to the bathroom.,Moonbeam_UFO.jpeg,UFO,290,<img class='img_small' src='/assets/images/Moonbeam_UFO.jpeg' alt='UFO'>,,,
2021-08-24,Peace and quiet,Other people don't say this?,"Peace and/or quiet, tranquillity","From now on, I want peace and quiet or else your name is mud",bell.jpg,Bell,298,<img class='img_small' src='/assets/images/bell.jpg' alt='Bell'>,,,
2021-05-12,Perch,,"Spot, lookout point",The cat's favorite perch on the stairway,bad_cattitude.jpg,A bad cattitude,287,<img class='img_small' src='/assets/images/bad_cattitude.jpg' alt='A bad cattitude'>,,,
2010-05-31,Persnickety,,Picky,,bad_cattitude.jpg,A bad cattitude,117,<img class='img_small' src='/assets/images/bad_cattitude.jpg' alt='A bad cattitude'>,,,
2017-12-30,Photo hobby,,Mother's love of photography,You know me and my photo hobby,goose3.jpg,Goose,213,"<img class='img_small' src='/assets/images/goose1.jpg' alt='St. Pats Goose'>, <img class='img_small' src='/assets/images/goose2.jpg' alt='Jailbird'>, <img src='/assets/images/goose3.jpg' alt='Medical worker' class='img_small'>, <img class='img_small' src='/assets/images/goose4.jpg' alt='Strawbirdy'>, <img class='img_small' src='/assets/images/goose5.jpg' alt='Patriot goose'>, <img class='img_small' src='/assets/images/goose6.jpg' alt='Dunno goose'>, <img class='img_small' src='/assets/images/goose7.jpg' alt='Christmas goose'>, <img class='img_small' src='/assets/images/goose8.jpg' alt='Michi-goose'>","goose1.jpg, goose2.jpg, goose3.jpg, goose4.jpg, goose5.jpg, goose6.jpg, goose7.jpg","<img class='img_small' src='/assets/images/goose1.jpg' alt='St. Pats Goose'>, <img class='img_small' src='/assets/images/goose2.jpg' alt='Jailbird'>, <img src='/assets/images/goose3.jpg' alt='Medical worker' class='img_small'>, <img class='img_small' src='/assets/images/goose4.jpg' alt='Strawbirdy'>, <img class='img_small' src='/assets/images/goose5.jpg' alt='Patriot goose'>, <img class='img_small' src='/assets/images/goose6.jpg' alt='Dunno goose'>, <img class='img_small' src='/assets/images/goose7.jpg' alt='Christmas goose'>, <img class='img_small' src='/assets/images/goose8.jpg' alt='Michi-goose'>","<img class='img_small' src='/assets/images/goose1.jpg' alt='St. Pats Goose'>, <img class='img_small' src='/assets/images/goose2.jpg' alt='Jailbird'>, <img src='/assets/images/goose3.jpg' alt='Medical worker' class='img_small'>, <img class='img_small' src='/assets/images/goose4.jpg' alt='Strawbirdy'>, <img class='img_small' src='/assets/images/goose5.jpg' alt='Patriot goose'>, <img class='img_small' src='/assets/images/goose6.jpg' alt='Dunno goose'>, <img class='img_small' src='/assets/images/goose7.jpg' alt='Christmas goose'>, <img class='img_small' src='/assets/images/goose8.jpg' alt='Michi-goose'>"
2009-04-23,Piece of work,,"Adjective meaning someone is unusually unpleasant, difficult, or behaves particularly badly","You're a piece of work, lovey",bad_cattitude.jpg,A bad cattitude,087,<img class='img_small' src='/assets/images/bad_cattitude.jpg' alt='A bad cattitude'>,,,
2013-03-15,Pipe down,Mom identified this momism,Quiet down,,busybox.jpg,Busybox,188,<img class='img_small' src='/assets/images/busybox.jpg' alt='Busybox'>,,,
2010-12-22,Pitching a fit,,"Become extremely upset or angry in a loud and uncontrolled way, having a tantrum, making a scene",,bad_cattitude.jpg,A bad cattitude,132,<img class='img_small' src='/assets/images/bad_cattitude.jpg' alt='A bad cattitude'>,,,
2009-01-29,Poke around,,"To look around, to look through things, to investigate",I'm going to go poke around the Chalet,dune-buggy.jpg,Dune buggy,025,<img class='img_small' src='/assets/images/dune-buggy.jpg' alt='Dune buggy'>,,,
2014-12-28,Pole-axed,,Exhausted,,zzz.webp,Zzz,198,<img class='img_small' src='/assets/images/zzz.webp' alt='Zzz'>,,,
2012-04-24,Polish off,,Eat the rest of a dish,Your brother polished off those bagels in one sitting.,polish-off.jpg,Polish off,169,<img class='img_small' src='/assets/images/polish-off.jpg' alt='Polish off'>,,,
2020-05-10,Pop awake,,Wake up,I pop awake every morning at quarter to five,Popcorn.webp,Popcorn,238,<img class='img_small' src='/assets/images/Popcorn.webp' alt='Popcorn'>,,,
2011-03-22,Post-adolescent life,Usage: [insert the blank] life.,Good morning.,Post-adolescent life!,Alien_1.webp,Alien,145,<img class='img_small' src='/assets/images/Alien_1.webp' alt='Alien'>,,,
2022-05-17,"Problems, you've got problems","Problems, you've got problems is my sympathetic way of suggesting there might be some melodrama involved. It has a Yiddish-English flavor to it. I have no idea where I acquired such a useful phrase, but there've been a lot of Jewish people in my life. With this one, I visualize Linda Harris's mom (college friend whose parents lived in Durham; I visited them for years after she moved away).","You're being melodramatic, mom has no sympathy for whatever you're complaining about","""I stayed up too late last night and now I'm tired and still have to go to school and take an exam I'm not ready for"" ""Problems, you've got problems, baby!""",Alien_1.webp,Alien,333,<img class='img_small' src='/assets/images/Alien_1.webp' alt='Alien'>,,,
2021-07-15,Promising,All things are either promising or not promising,Something that has good future prospects,"Hmm, that pitch black sky on the horizon doesn't look too promising!",cookie-monster.jpg,Cookie Monster,295,<img class='img_small' src='/assets/images/cookie-monster.jpg' alt='Cookie Monster'>,,,
2021-10-25,Pushing it,"""Pushing your luck"" I most likely acquired from my mom. ""Pushing it"" I'm not so sure, maybe just me playing with language. In my mind, they both mean the same thing, but I would only say ""you're pushing it"" to someone who already knew about ""pushing your luck,"" my kids, e.g.","Pushing your luck, you're an inch from being in serious trouble","""Mom, can we go to Walker Bros this weekend?"" ""Oh alright, it's been a huh-while since we had a treat like that!"" ""Can we go for ice cream afterwards?"" ""Now you're pushing it, Annebeth! Pick one.""",cookie-monster.jpg,Cookie Monster,311,<img class='img_small' src='/assets/images/cookie-monster.jpg' alt='Cookie Monster'>,,,
2013-03-15,Put a lid on it,Mom self-identified this momism,"Exclamation: to be quiet, shut up",,busybox.jpg,Busybox,187,<img class='img_small' src='/assets/images/busybox.jpg' alt='Busybox'>,,,
2009-02-07,Put hair on your chest,Mom identified this momism,,,chest-hair.webp,Chest hair,046,<img class='img_small' src='/assets/images/chest-hair.webp' alt='Chest hair'>,,,
2009-09-28,Put that into your equation,(Lowell-ism),Consider that,,question_mark.png,Question mark,095,<img class='img_small' src='/assets/images/question_mark.png' alt='Question mark'>,,,
2009-01-29,Put the kibosh on,,To cancel,,Moonbeam_UFO.jpeg,UFO,027,<img class='img_small' src='/assets/images/Moonbeam_UFO.jpeg' alt='UFO'>,,,
2020-05-09,Quit it,,Stop that,"Quit it, your squabbling is driving me bonkers",zzz.webp,Zzz,236,<img class='img_small' src='/assets/images/zzz.webp' alt='Zzz'>,,,
2021-09-13,Rabble rousing,"The verb, not the noun, is a momism.",Someone who causes trouble,"Quit your rabble rousing, son! Can't your old mama have a moment's peace without you stirring up trouble?!",Breaking_technique.jpg,Breaking blocks,301,<img class='img_small' src='/assets/images/Breaking_technique.jpg' alt='Breaking blocks'>,,,
2021-04-04,Racket,,Making loud and continuous noise ,Quit making such a racket; I can't hear myself think,racket.JPG,Racket,282,<img class='img_small' src='/assets/images/racket.JPG' alt='Racket'>,,,
2013-09-10,Rattling around,,Awake and moving around the house,I could hear him rattling around long after I turned into a pumpkin,rattle.jpg,Rattle,192,<img class='img_small' src='/assets/images/rattle.jpg' alt='Rattle'>,,,
2020-04-19,Really the pits,,Extremely unpleasant or boring,This COVID situation is really the pits,anchor.jpg,Anchor,233,<img class='img_small' src='/assets/images/anchor.jpg' alt='Anchor'>,,,
2020-05-20,Rear,,The buttocks,Your brother was a pain in the rear when he was little,rear.jpg,Jeans,244,<img class='img_small' src='/assets/images/rear.jpg' alt='Jeans'>,,,
2015-03-10,Recipe for disaster,,Something that is likely to result in disaster,,bad_cattitude.jpg,A bad cattitude,200,<img class='img_small' src='/assets/images/bad_cattitude.jpg' alt='A bad cattitude'>,,,
2009-10-11,Regular gulley-washer,"A regular gully-washer means it was a doozy of a rainstorm. The gully-washer is from the Texas side of the family, I believe.",A powerful rainstorm,"Mom: ""It was a regular gully washer!"" Me: ""What's a gully washer?"" Mom: ""It's a momism, dear""",Umbrella.png,Umbrella,099,<img class='img_small' src='/assets/images/Umbrella.png' alt='Umbrella'>,,,
2021-05-26,Ride herd on,,"Surveil, keep close watch on",Make sure someone rides herd on you after your vaccine,horse.webp,Horse,289,<img class='img_small' src='/assets/images/horse.webp' alt='Horse'>,,,
2023-03-26,Rip-roaring around ,,Moving at an alarming pace,Your brother came rip-roaring around the corner,lion.jpg,Lion,352,<img class='img_small' src='/assets/images/lion.jpg' alt='Lion'>,,,
2009-01-29,Roaring around,,,,lion.jpg,Lion,014,<img class='img_small' src='/assets/images/lion.jpg' alt='Lion'>,,,
2009-02-08,"Roll up your pants, it's too late to save your shoes",,,,Umbrella.png,Umbrella,051,<img class='img_small' src='/assets/images/Umbrella.png' alt='Umbrella'>,,,
2018-07-12,Roost,Seems to me a perch is more temporary,"To sit, rest",I'm looking for a bench upon which to roost,roost.jpg,Roost,215,<img class='img_small' src='/assets/images/roost.jpg' alt='Roost'>,,,
2009-02-07,Rotten in Denmark,That's from Shakespeare,,,green_apple.jpg,Green Apple,045,<img class='img_small' src='/assets/images/green_apple.jpg' alt='Green Apple'>,,,
2009-01-28,Ruckus,,Making a lot of noise,,roost.jpg,Roost,007,<img class='img_small' src='/assets/images/roost.jpg' alt='Roost'>,,,
2009-04-14,Ruffled his feathers,,To have irritated or offended someone,,goose8.jpg,Goose,075,<img class='img_small' src='/assets/images/goose8.jpg' alt='Goose'>,,,
2009-04-18,Sanford Sharpie,,A permanent marker,,sharpie.jpg,Sharpie,085,<img class='img_small' src='/assets/images/sharpie.jpg' alt='Sharpie'>,,,
2020-11-09,Scads,"Other people don't say ""scads""? Yet another Momism surprises the Mom. &hearts;","Many, lots, an abundance of","""There are scads of people in the grocery store today"" — mom, the day before Thanksgiving",roost.jpg,Roost,262,<img class='img_small' src='/assets/images/roost.jpg' alt='Roost'>,,,
2009-04-23,Scarcer than hen's teeth,,"Extremely rare, nonexistent",,roost.jpg,Roost,086,<img class='img_small' src='/assets/images/roost.jpg' alt='Roost'>,,,
2009-04-17,Schlep,Yiddishisms live,To carry something heavy or bulky,,bagel.jpg,Bagel,080,<img class='img_small' src='/assets/images/bagel.jpg' alt='Bagel'>,,,
2010-10-07,Scream bloody murder,,Scream loudly,,lion.jpg,Lion,125,<img class='img_small' src='/assets/images/lion.jpg' alt='Lion'>,,,
2020-12-04,See huh-what I can see,"Hmm. That does sound like something I'd say. As for others saying it, no clue. The usual figure of speech is ""I'll see huh-what I can do,"" I think, so it could be I coined my version to mean what I might perceive in the future, but not work that might be done.",I have yet to gather evidence to make a conclusion on this topic but I'll look into it,"I haven't been down to the Custer Street Fair to look for birthday presents yet, but I'll see huh-what I can see",goat_beard.jpg,Goat beard,265,<img class='img_small' src='/assets/images/goat_beard.jpg' alt='Goat beard'>,,,
2020-01-26,Seen better days,,"Worn, used, decrepit",Those socks have seen better days: they’re filled with holes,lion.jpg,Lion,232,<img class='img_small' src='/assets/images/lion.jpg' alt='Lion'>,,,
2009-04-17,Shtick,,Mom's Yiddish streak: a show or an act,,bagel.jpg,Bagel,082,<img class='img_small' src='/assets/images/bagel.jpg' alt='Bagel'>,,,
2009-01-29,Skedaddle,,Leave rapidly,,lion.jpg,Lion,019,<img class='img_small' src='/assets/images/lion.jpg' alt='Lion'>,,,
2011-10-16,Smack dab in the middle,,Exactly in the middle,,square.png,Square,154,<img class='img_small' src='/assets/images/square.png' alt='Square'>,,,
2012-12-24,Smart cookie,,"Noun, an intelligent person",,cookie-monster.jpg,Cookie Monster,182,<img class='img_small' src='/assets/images/cookie-monster.jpg' alt='Cookie Monster'>,,,
2009-02-09,Snatching defeat from the jaws of victory ,That phrase was popular with respect to Duke basketball in the days before the present - successful - coach Mike Krzyzewski,"A play on the inverse phrase (snatching victory from the jaws of defeat), this momism means losing something that was nearly won",,lion.jpg,Lion,054,<img class='img_small' src='/assets/images/lion.jpg' alt='Lion'>,,,
2009-02-09,Snippy,See downright nippy,"Curt, an irritable response",,bad_cattitude.jpg,A bad cattitude,053,<img class='img_small' src='/assets/images/bad_cattitude.jpg' alt='A bad cattitude'>,,,
2021-10-02,Snooze,"I do remember settling down in the evenings to watch ""the evening snooze,"" a few minutes of Peter Jennings @5:30 p.m., zzzzz..., then final credits; then Star Trek @6:00 p.m. for a few minutes, more zzzzz..., then the credits. Funniest of all to me, though, was settling in on Saturday afternoons to watch Buffy the Vampire Slayer with baby doll: a few minutes, zzzzzzz..., waking up for the credits, then asking her about huh-what I missed. She tended to be a bit cross about clueing me in (""well, you could just stay awake and watch it for yourself"" more or less).","The news, refers to the fact that mom routinely falls asleep while watching the news or, really, anything on television",I'm going to go watch the snooze and then we'll see about huh-what's for dinner.,zzz.webp,Zzz,307,<img class='img_small' src='/assets/images/zzz.webp' alt='Zzz'>,,,
2010-12-20,Snorkel,,To nuzzle,"Cat, quit snorkeling me! ",snorkel.jpg,Snorkel,130,<img class='img_small' src='/assets/images/snorkel.jpg' alt='Snorkel'>,,,
2019-12-22,Snuffocate,,Suffocate,Get me out of here before I snuffocate! ,snorkel.jpg,Snorkel,227,<img class='img_small' src='/assets/images/snorkel.jpg' alt='Snorkel'>,,,
2012-01-05,Soccer slides,,Slip-on sandals,,flip-flops.webp,Flip flops,159,<img class='img_small' src='/assets/images/flip-flops.webp' alt='Flip flops'>,,,
2010-04-01,Sonnnn,,"Son, with extended n sound","Sonnnn, why did you wake me from my nap?",doll.jpg,Doll,112,<img class='img_small' src='/assets/images/doll.jpg' alt='Doll'>,,,
2022-12-29,Spicer,,Someone who seeks out spicy food. ,Your mother the spicer is at it with the hit sauce again!,chemical-1293762_1280.png,Test tube,347,<img class='img_small' src='/assets/images/chemical-1293762_1280.png' alt='Test tube'>,,,
2010-11-16,Squabbling,,"To bicker, argue",,Breaking_technique.jpg,Breaking blocks,127,<img class='img_small' src='/assets/images/Breaking_technique.jpg' alt='Breaking blocks'>,,,
2022-05-14,Squared away,,"Taken care of, resolved, settled","Now that you're all squared away and ready to go to school, I'm going to go see about your brother!",square.png,Square,332,<img class='img_small' src='/assets/images/square.png' alt='Square'>,,,
2023-08-31,Stem to stern,,Comprehensive or complete ,We cleaned from stem to stern,leaves.jpg,Leaves,359,<img class='img_small' src='/assets/images/leaves.jpg' alt='Leaves'>,,,
2019-07-03,Stinker,,A contemptible or very unpleasant person or thing,That little stinker took off with my socks! ,skunk.webp,Skunk,220,<img class='img_small' src='/assets/images/skunk.webp' alt='Skunk'>,,,
2015-07-29,Stranger things have happened,,"Exclamation indicating that an idea, although unlikely, is within the realm of possibility",,Moonbeam_UFO.jpeg,UFO,202,<img class='img_small' src='/assets/images/Moonbeam_UFO.jpeg' alt='UFO'>,,,
2014-07-28,String beans,,Green beans,,bean.jpg,Bean,197,<img class='img_small' src='/assets/images/bean.jpg' alt='Bean'>,,,
2009-01-29,Suffice it to say,,It is enough to say this and no more,Suffice it to say that the judge was furious when the invitation was withdrawn,Moonbeam_UFO.jpeg,UFO,031,<img class='img_small' src='/assets/images/Moonbeam_UFO.jpeg' alt='UFO'>,,,
2021-05-11,Super duper,"I got that from my supervisor in academic medicine. He's from the Bronx: ""supa dupa!"" Huh-what ever happened to the R?",Extraordinary,Your family doctor was super duper.,cookie-monster.jpg,Cookie Monster,286,<img class='img_small' src='/assets/images/cookie-monster.jpg' alt='Cookie Monster'>,,,
2009-01-29,Sure as God made little green apples,,Certain,,green_apple.jpg,Green Apple,016,<img class='img_small' src='/assets/images/green_apple.jpg' alt='Green Apple'>,,,
2009-01-31,Sweet tooth,,Love of sugar,,green_apple.jpg,Green Apple,036,<img class='img_small' src='/assets/images/green_apple.jpg' alt='Green Apple'>,,,
2012-11-29,Swell foop,,A fell swoop,I cleaned the yard and planted flowers in one swell foop,Moonbeam_UFO.jpeg,UFO,181,<img class='img_small' src='/assets/images/Moonbeam_UFO.jpeg' alt='UFO'>,,,
2020-12-20,Take after,,"Resembles, inherited a trait",You really take after your dear old mother,bean.jpg,Bean,268,<img class='img_small' src='/assets/images/bean.jpg' alt='Bean'>,,,
2010-04-01,Take off with,,To take,,bad_cattitude.jpg,A bad cattitude,111,<img class='img_small' src='/assets/images/bad_cattitude.jpg' alt='A bad cattitude'>,,,
2018-07-12,Taken with,,To like,"My daughter was quite taken with ""woo-wee-sa.""",love.jpg,Love,217,<img class='img_small' src='/assets/images/love.jpg' alt='Love'>,,,
2012-07-11,Talk the leaves off a tree,That comes from a college roommate from Boston,Someone who often speaks at great length,,leaves.jpg,Leaves,176,<img class='img_small' src='/assets/images/leaves.jpg' alt='Leaves'>,,,
2011-02-09,Tenderizing,,Poking,"Cat, stop tenderizing me!",love.jpg,Love,141,<img class='img_small' src='/assets/images/love.jpg' alt='Love'>,,,
2022-03-04,That’s the crop,That was a common figure of speech in high school. ,"That’s all she wrote, that’s the end. ",,bean.jpg,Bean,320,<img class='img_small' src='/assets/images/bean.jpg' alt='Bean'>,,,
2020-11-09,The bottom is going to drop out,,It's going to rain really hard,,Umbrella.png,Umbrella,263,<img class='img_small' src='/assets/images/Umbrella.png' alt='Umbrella'>,,,
2009-02-25,Thee and me,,Me too,"You're annoyed because there's no cheese left? Thee and me, son.",roost.jpg,Roost,058,<img class='img_small' src='/assets/images/roost.jpg' alt='Roost'>,,,
2010-01-27,These parts,,This area or neighbourhood,,woods.webp,Wood,108,<img class='img_small' src='/assets/images/woods.webp' alt='Wood'>,,,
2010-05-11,They get along like a house afire,,They get along well,,Breaking_technique.jpg,Breaking blocks,114,<img class='img_small' src='/assets/images/Breaking_technique.jpg' alt='Breaking blocks'>,,,
2009-01-29,Tickled pink,,Very amused,,hop.webp,Hop,018,<img class='img_small' src='/assets/images/hop.webp' alt='Hop'>,,,
2009-10-11,To-do,,A party,Mom: They are really having a to-do up there. Me: That is so going on the list,Popcorn.webp,Popcorn,098,<img class='img_small' src='/assets/images/Popcorn.webp' alt='Popcorn'>,,,
2009-02-25,Tougher than boiled owl,Brown boy's all-time favourite momism,Very hard to chew,,owl.webp,Owl,061,<img class='img_small' src='/assets/images/owl.webp' alt='Owl'>,,,
2021-06-21,Transplant,We are but a flower being moved from pot to pot as we grow,"Immigrant, someone who moves from their home city/state/province/territory/country to another",I've heard McGill has groups organized for transplants like you and your brother. Wouldn't it be nice to meet fellow Americans-turned-Canadians?,bean.jpg,Bean,293,<img class='img_small' src='/assets/images/bean.jpg' alt='Bean'>,,,
2021-03-30,Trial balloon,"Oh yes, poor dear eldest child, indeed you were & still are the trial balloon. To me it meant a sort of a grand experiment. I didn't look up the definition in a thesaurus (and there was no internet back then!).",A first try,"Son, as the eldest, you're the trial balloon.",lead_balloon.jpg,Lead balloon,277,<img class='img_small' src='/assets/images/lead_balloon.jpg' alt='Lead balloon'>,,,
2021-11-13,Troop (up/down/around),"""As a noun, troop refers to a group of soldiers or a collection of people or things. As a verb, troop means to move or spend time together. The noun troupe refers specifically to a group of theatrical performers.""",To move together as a group,On Halloween I was trooping around with a lot of peopIe who I didn't know,bazooka.jpg,Bazooka,313,<img class='img_small' src='/assets/images/bazooka.jpg' alt='Bazooka'>,,,
2009-01-29,Trouper,,"A loyal, dependable worker or participant in an undertaking",,bazooka.jpg,Bazooka,013,<img class='img_small' src='/assets/images/bazooka.jpg' alt='Bazooka'>,,,
2009-01-29,Turkey,,"An inept person, usually related to mom's road rage",Who let that turkey drive,goose8.jpg,Goose statue,024,<img class='img_small' src='/assets/images/goose8.jpg' alt='Goose statue'>,,,
2009-02-04,Turn into a pumpkin,,Go to sleep,"Well, the sun is setting, son, so I'm going to go turn into a pumpkin",pumpkin.jpg,Pumpkin,040,<img class='img_small' src='/assets/images/pumpkin.jpg' alt='Pumpkin'>,,,
2023-10-15,Turn turtle,Defining one momism with another. Mom™,Capsize,"Kid: ""nose over pinfeathers,"" what does that mean? Mom: turning turtle",barn.jpg,Barn,364,<img class='img_small' src='/assets/images/barn.jpg' alt='Barn'>,,,
2009-01-29,Umpteenth time,,So many times it's impossible to count,He has played that Adagio for Strings umteen times now,Moonbeam_UFO.jpeg,UFO,026,<img class='img_small' src='/assets/images/Moonbeam_UFO.jpeg' alt='UFO'>,,,
2016-03-22,US mule,Did you know that I got the US mule from a cartoon when I was a kid; it was called Li'l Abner. It is political satire,The US Mail,,horse.webp,Horse,206,<img class='img_small' src='/assets/images/horse.webp' alt='Horse'>,,,
2022-05-29,Vintage,,1.) Something or someone of great age. 2) the age of someone or something,1. I'm becoming vintage. 2. Someone of my vintage.,busybox.jpg,Busybox,336,<img class='img_small' src='/assets/images/busybox.jpg' alt='Busybox'>,,,
2020-06-01,Volunteer,"""Volunteers"" is (or was) just ordinary gardening jargon. I have no idea how commonly used the word is in the modern era, especially outside the south...",A plant that grows spontaneously in the garden,"I planted these and those, but those mystery flowers and the tomatoes are both volunteers!",volunteer.png,Volunteer anyone?,247,<img class='img_small' src='/assets/images/volunteer.png' alt='Volunteer anyone?'>,,,
2011-11-11,Were you raised in a barn?,Momism of the year: 2017.,,"Eating with your fingers, were you raised in a barn? Kids: yes!",barn.jpg,Barn,157,<img class='img_small' src='/assets/images/barn.jpg' alt='Barn'>,,,
2021-04-03,What is the <b>matter</b> with you?,,"""Gadzooks!"" Mom demands ""what is the <b>matter</b> with you"" with a ""head of steam"" when she wants to know what ""hare brained scheme"" we ""dubious"" youngsters are ""getting up to"", and whether we're ""in cahoots"" or ""roaring around"" alone","Huh-what is the <b>matter</b> with you, feline — do you have kibbles for brains or are you just suicidal?",Moonbeam_UFO.jpeg,UFO,279,<img class='img_small' src='/assets/images/Moonbeam_UFO.jpeg' alt='UFO'>,,,
2021-07-16,What is this world coming to?,"The kids discovered this momism straight from the source in her response to baby doll's proposal that ""mind boggling"" is a momism",Expression of disbelief and often disapproval of how the times are a-changin',"""Pink polka dots on a lime green dress?! Huh-what is this world coming to??""",Moonbeam_UFO.jpeg,UFO,296,<img class='img_small' src='/assets/images/Moonbeam_UFO.jpeg' alt='UFO'>,,,
2019-07-24,What-all,,Plural of what,I have no clue as to huh-what-all you-all saw,barn.jpg,Barn,222,<img class='img_small' src='/assets/images/barn.jpg' alt='Barn'>,,,
2016-02-21,Whifflebrain,,Airhead,,fog.jpg,Fog,204,<img class='img_small' src='/assets/images/fog.jpg' alt='Fog'>,,,
2009-04-14,White knuckle trip,,A terrifying journey,,hair-raising.jpg,Hair raising,078,<img class='img_small' src='/assets/images/hair-raising.jpg' alt='Hair raising'>,,,
2019-07-24,Who-all,Referring to the likelihood that the answer to the question has several parts,Plural of who,Who-all did you-all go to France with?,roost.jpg,Roost,223,<img class='img_small' src='/assets/images/roost.jpg' alt='Roost'>,,,
2009-06-14,Whole kit and kaboodle,,"A bit like the whole nine yards; the entirety of, the whole set.",,crochet.jpg,Crotchet,093,<img class='img_small' src='/assets/images/crochet.jpg' alt='Crotchet'>,,,
2010-12-22,Whole shebangdasium,"Kind of like ""the whole nine yards""","The whole shebang, everything, the entire thing",,Moonbeam_UFO.jpeg,UFO,134,<img class='img_small' src='/assets/images/Moonbeam_UFO.jpeg' alt='UFO'>,,,
2009-12-01,Whole shooting match,"My daughter caught herself saying it the other day, then I said it today",The whole thing,"With my terrific niece and nephews I've got it all, the whole shooting match!",Breaking_technique.jpg,Breaking blocks,106,<img class='img_small' src='/assets/images/Breaking_technique.jpg' alt='Breaking blocks'>,,,
2021-02-22,Whomp,,To hit,I'd better take a walk before we get whomped with another snowstorm,Breaking_technique.jpg,Breaking blocks,274,<img class='img_small' src='/assets/images/Breaking_technique.jpg' alt='Breaking blocks'>,,,
2022-09-10,Wild and woolly,,Unkempt,"Might be time for a haircut, sonnn, you are looking wild and woolly!",rear.jpg,Rear,342,<img class='img_small' src='/assets/images/rear.jpg' alt='Rear'>,,,
2012-09-26,Wink,,A brief nap,I'm going to grab a quick wink,wink.avif,Wink,178,<img class='img_small' src='/assets/images/wink.avif' alt='Wink'>,,,
2012-03-24,Within an inch of his life,,,,Breaking_technique.jpg,Breaking blocks,163,<img class='img_small' src='/assets/images/Breaking_technique.jpg' alt='Breaking blocks'>,,,
2021-10-24,Wo<b>n</b>derful,,Wonderful with emphasis on the n.,You kids cooked dinner? Wo<b>n</b>derful!,goose8.jpg,Goose,310,<img class='img_small' src='/assets/images/goose8.jpg' alt='Goose'>,,,
2021-02-27,Wonders never cease,,"This is a surprising turn of events, how out of character for you","Wonders never cease! First, adolescent life before noon and <b>now</b> you're doing the dishes willingly?",Moonbeam_UFO.jpeg,UFO,275,<img class='img_small' src='/assets/images/Moonbeam_UFO.jpeg' alt='UFO'>,,,
2021-06-08,World-conquering,,Exclamation. Usually indicating an extremely determined baby,World conquering! That baby isn't gonna give up on walking,bad_cattitude.jpg,A bad cattitude,292,<img class='img_small' src='/assets/images/bad_cattitude.jpg' alt='A bad cattitude'>,,,
2021-05-07,Worrisome,,Concerning,That half of American voters would choose George the Younger is worrisome in my view,kabroken.jpg,Broken pot,285,<img class='img_small' src='/assets/images/kabroken.jpg' alt='Broken pot'>,,,
2009-02-20,Worrywart,,"Someone with a tendency to worry habitually, often needlessly",,hair-raising.jpg,Hair raising,057,<img class='img_small' src='/assets/images/hair-raising.jpg' alt='Hair raising'>,,,
2009-04-17,Ye gods and little fishes,,(Exclamation),Ye gods and little catfish!,bad_cattitude.jpg,A bad cattitude,083,<img class='img_small' src='/assets/images/bad_cattitude.jpg' alt='A bad cattitude'>,,,
2019-04-13,Yea high,,"Indicates that something is as high as mom is pointing, usually not very high",That cat went past the wall about yea high [mom points] with that paintbrush in her mouth,goose8.jpg,Goose statue,219,<img class='img_small' src='/assets/images/goose8.jpg' alt='Goose statue'>,,,
2011-05-07,"Yes, cat. no, cat. maybe, cat","I think that one evolved during life with Milo, who I also referred to as ""The Mouthy One"" since she was always giving me an earful. Momism?",Expression of sarcastic subordination to the cat,,bad_cattitude.jpg,A bad cattitude,148,<img class='img_small' src='/assets/images/bad_cattitude.jpg' alt='A bad cattitude'>,,,
2012-11-29,You have such a good [body part] for [task],,Mother's preferred momism for describing an extraordinary skill,"Dearheart, you have such a good eye for composition / Son, you have a great ear for idiosyncrasy",wink.avif,Wink,180,<img class='img_small' src='/assets/images/wink.avif' alt='Wink'>,,,
2009-02-04,Your name is dog,,Your name is mud (cat version),,bad_cattitude.jpg,A bad cattitude,038,<img class='img_small' src='/assets/images/bad_cattitude.jpg' alt='A bad cattitude'>,,,
2009-02-04,Your name is mud,,You're in trouble,,name-mud.jpg,Person submerged in mud,037,<img class='img_small' src='/assets/images/name-mud.jpg' alt='Person submerged in mud'>,,,
2009-06-13,Zonked,,Tired,That (sleeping) baby is zonked! ,zzz.webp,Zzz,089,<img class='img_small' src='/assets/images/zzz.webp' alt='Zzz'>,,,
2012-02-17,Zories,"""Gadzooks!"" Mom demands ""huh-what is the <b>matter</b> with you"" with a ""head of steam"" when she wants to know what ""hare brained scheme"" we ""dubious"" youngsters are ""getting up to"", and whether we're ""in cahoots"" or ""roaring around"" alone","Japanese-style flip-flops, often made of woven rice straw, sort of like tatamis you can wear on your feet",,flip-flops.webp,Flip flops,161,<img class='img_small' src='/assets/images/flip-flops.webp' alt='Flip flops'>,,,
2010-09-13,Zowie,Mother-identified momism,(Exclamation),,Moonbeam_UFO.jpeg,UFO,122,<img class='img_small' src='/assets/images/Moonbeam_UFO.jpeg' alt='UFO'>,,,